[
  {
    "Id": 1,
    "Name": "Black Wilcox",
    "Company": "ZORROMOP",
    "Email": "blackwilcox@zorromop.com",
    "PhoneNumber": "+1 (871) 550-3053",
    "Birthdays": "Mon Apr 07 2003 09:28:18 GMT-0500 (Central Daylight Time (Mexico))"
  },
  {
    "Id": 2,
    "Name": "Cochran Whitaker",
    "Company": "PHARMEX",
    "Email": "cochranwhitaker@pharmex.com",
    "PhoneNumber": "+1 (918) 588-3216",
    "Birthdays": "Sun Sep 02 1990 03:52:12 GMT-0500 (Central Daylight Time (Mexico))"
  },
  {
    "Id": 3,
    "Name": "Calhoun Moran",
    "Company": "MANTRIX",
    "Email": "calhounmoran@mantrix.com",
    "PhoneNumber": "+1 (806) 559-3318",
    "Birthdays": "Sun Feb 25 1979 19:18:00 GMT-0600 (Central Standard Time (Mexico))"
  },
  {
    "Id": 4,
    "Name": "Parker Jacobson",
    "Company": "SCENTRIC",
    "Email": "parkerjacobson@scentric.com",
    "PhoneNumber": "+1 (873) 508-3828",
    "Birthdays": "Tue Aug 10 1976 04:57:02 GMT-0500 (Central Daylight Time (Mexico))"
  },
  {
    "Id": 5,
    "Name": "Kelsey Rutledge",
    "Company": "CHORIZON",
    "Email": "kelseyrutledge@chorizon.com",
    "PhoneNumber": "+1 (987) 526-2445",
    "Birthdays": "Wed Jun 22 2011 12:31:07 GMT-0500 (Central Daylight Time (Mexico))"
  },
  {
    "Id": 6,
    "Name": "Morrison Mcclain",
    "Company": "ANDRYX",
    "Email": "morrisonmcclain@andryx.com",
    "PhoneNumber": "+1 (925) 510-3971",
    "Birthdays": "Sat Oct 30 1971 22:31:05 GMT-0500 (Central Daylight Time (Mexico))"
  },
  {
    "Id": 7,
    "Name": "Belinda Noel",
    "Company": "KONGENE",
    "Email": "belindanoel@kongene.com",
    "PhoneNumber": "+1 (861) 453-3893",
    "Birthdays": "Fri Feb 22 2008 09:10:23 GMT-0600 (Central Standard Time (Mexico))"
  },
  {
    "Id": 8,
    "Name": "Lucy Conrad",
    "Company": "XYLAR",
    "Email": "lucyconrad@xylar.com",
    "PhoneNumber": "+1 (995) 589-3388",
    "Birthdays": "Fri Dec 22 2000 04:38:58 GMT-0600 (Central Standard Time (Mexico))"
  },
  {
    "Id": 9,
    "Name": "Antonia Brown",
    "Company": "ZANYMAX",
    "Email": "antoniabrown@zanymax.com",
    "PhoneNumber": "+1 (833) 492-3934",
    "Birthdays": "Thu Nov 24 1994 03:03:49 GMT-0600 (Central Standard Time (Mexico))"
  },
  {
    "Id": 10,
    "Name": "Knox Flores",
    "Company": "CYTRAK",
    "Email": "knoxflores@cytrak.com",
    "PhoneNumber": "+1 (816) 415-3530",
    "Birthdays": "Fri Mar 28 1986 06:39:10 GMT-0600 (Central Standard Time (Mexico))"
  },
  {
    "Id": 11,
    "Name": "Marion Burns",
    "Company": "OPTIQUE",
    "Email": "marionburns@optique.com",
    "PhoneNumber": "+1 (884) 445-2191",
    "Birthdays": "Tue Nov 08 1988 05:05:14 GMT-0600 (Central Standard Time (Mexico))"
  },
  {
    "Id": 12,
    "Name": "Palmer Miller",
    "Company": "HONOTRON",
    "Email": "palmermiller@honotron.com",
    "PhoneNumber": "+1 (878) 552-3738",
    "Birthdays": "Sat Feb 25 1984 08:32:33 GMT-0600 (Central Standard Time (Mexico))"
  },
  {
    "Id": 13,
    "Name": "Harriett Espinoza",
    "Company": "ERSUM",
    "Email": "harriettespinoza@ersum.com",
    "PhoneNumber": "+1 (992) 552-2681",
    "Birthdays": "Fri Jan 19 1979 12:38:47 GMT-0600 (Central Standard Time (Mexico))"
  },
  {
    "Id": 14,
    "Name": "Tonya Craft",
    "Company": "XIIX",
    "Email": "tonyacraft@xiix.com",
    "PhoneNumber": "+1 (983) 484-2967",
    "Birthdays": "Fri Apr 08 1983 14:21:25 GMT-0500 (Central Daylight Time (Mexico))"
  },
  {
    "Id": 15,
    "Name": "Haynes Buchanan",
    "Company": "OATFARM",
    "Email": "haynesbuchanan@oatfarm.com",
    "PhoneNumber": "+1 (917) 468-2355",
    "Birthdays": "Mon Jan 26 1998 19:33:28 GMT-0600 (Central Standard Time (Mexico))"
  },
  {
    "Id": 16,
    "Name": "Jeannette Castillo",
    "Company": "COFINE",
    "Email": "jeannettecastillo@cofine.com",
    "PhoneNumber": "+1 (802) 502-2460",
    "Birthdays": "Thu Nov 23 1972 14:17:10 GMT-0600 (Central Standard Time (Mexico))"
  },
  {
    "Id": 17,
    "Name": "Brenda Green",
    "Company": "VENDBLEND",
    "Email": "brendagreen@vendblend.com",
    "PhoneNumber": "+1 (816) 498-3610",
    "Birthdays": "Sat Mar 13 1971 03:06:03 GMT-0600 (Central Standard Time (Mexico))"
  },
  {
    "Id": 18,
    "Name": "Marylou Mcintosh",
    "Company": "XUMONK",
    "Email": "maryloumcintosh@xumonk.com",
    "PhoneNumber": "+1 (855) 587-2802",
    "Birthdays": "Wed Mar 31 2004 16:52:38 GMT-0600 (Central Standard Time (Mexico))"
  },
  {
    "Id": 19,
    "Name": "Julie Clark",
    "Company": "MINGA",
    "Email": "julieclark@minga.com",
    "PhoneNumber": "+1 (902) 420-3012",
    "Birthdays": "Wed Dec 11 2002 22:15:34 GMT-0600 (Central Standard Time (Mexico))"
  },
  {
    "Id": 20,
    "Name": "Christa Boyle",
    "Company": "SLOFAST",
    "Email": "christaboyle@slofast.com",
    "PhoneNumber": "+1 (908) 592-3133",
    "Birthdays": "Thu Dec 19 1996 20:06:04 GMT-0600 (Central Standard Time (Mexico))"
  },
  {
    "Id": 21,
    "Name": "Ethel Greene",
    "Company": "VIOCULAR",
    "Email": "ethelgreene@viocular.com",
    "PhoneNumber": "+1 (996) 519-3358",
    "Birthdays": "Sun Nov 27 1994 14:04:27 GMT-0600 (Central Standard Time (Mexico))"
  },
  {
    "Id": 22,
    "Name": "Jamie Langley",
    "Company": "SUREMAX",
    "Email": "jamielangley@suremax.com",
    "PhoneNumber": "+1 (965) 447-2262",
    "Birthdays": "Wed Aug 11 1971 11:03:48 GMT-0500 (Central Daylight Time (Mexico))"
  },
  {
    "Id": 23,
    "Name": "Carrillo Avila",
    "Company": "ISOTRACK",
    "Email": "carrilloavila@isotrack.com",
    "PhoneNumber": "+1 (858) 540-2704",
    "Birthdays": "Sat Oct 13 2012 17:58:02 GMT-0500 (Central Daylight Time (Mexico))"
  },
  {
    "Id": 24,
    "Name": "Dunlap Branch",
    "Company": "ZILLANET",
    "Email": "dunlapbranch@zillanet.com",
    "PhoneNumber": "+1 (986) 600-3315",
    "Birthdays": "Wed Aug 11 2010 00:39:44 GMT-0500 (Central Daylight Time (Mexico))"
  },
  {
    "Id": 25,
    "Name": "Mclean Gentry",
    "Company": "QUALITERN",
    "Email": "mcleangentry@qualitern.com",
    "PhoneNumber": "+1 (835) 453-2624",
    "Birthdays": "Sat Mar 27 1982 20:34:20 GMT-0600 (Central Standard Time (Mexico))"
  },
  {
    "Id": 26,
    "Name": "Lenore Stark",
    "Company": "DEMINIMUM",
    "Email": "lenorestark@deminimum.com",
    "PhoneNumber": "+1 (994) 574-3982",
    "Birthdays": "Fri Oct 16 1987 02:57:24 GMT-0500 (Central Daylight Time (Mexico))"
  },
  {
    "Id": 27,
    "Name": "Wilcox Mayer",
    "Company": "FANGOLD",
    "Email": "wilcoxmayer@fangold.com",
    "PhoneNumber": "+1 (911) 472-2697",
    "Birthdays": "Thu Jul 10 2008 03:04:30 GMT-0500 (Central Daylight Time (Mexico))"
  },
  {
    "Id": 28,
    "Name": "Lupe Mckinney",
    "Company": "KOZGENE",
    "Email": "lupemckinney@kozgene.com",
    "PhoneNumber": "+1 (894) 582-3611",
    "Birthdays": "Mon Mar 23 1998 05:52:33 GMT-0600 (Central Standard Time (Mexico))"
  },
  {
    "Id": 29,
    "Name": "Kelly Nixon",
    "Company": "PLASMOS",
    "Email": "kellynixon@plasmos.com",
    "PhoneNumber": "+1 (905) 491-3857",
    "Birthdays": "Thu May 24 1979 11:18:06 GMT-0500 (Central Daylight Time (Mexico))"
  },
  {
    "Id": 30,
    "Name": "Goldie Guerra",
    "Company": "TRASOLA",
    "Email": "goldieguerra@trasola.com",
    "PhoneNumber": "+1 (888) 528-3828",
    "Birthdays": "Sat Oct 04 1986 08:22:06 GMT-0500 (Central Daylight Time (Mexico))"
  },
  {
    "Id": 31,
    "Name": "Charity Curry",
    "Company": "OTHERWAY",
    "Email": "charitycurry@otherway.com",
    "PhoneNumber": "+1 (823) 492-3034",
    "Birthdays": "Sat Jan 12 1985 20:35:28 GMT-0600 (Central Standard Time (Mexico))"
  },
  {
    "Id": 32,
    "Name": "Angelita Carr",
    "Company": "ENQUILITY",
    "Email": "angelitacarr@enquility.com",
    "PhoneNumber": "+1 (982) 432-3273",
    "Birthdays": "Tue Jan 22 1985 10:42:33 GMT-0600 (Central Standard Time (Mexico))"
  },
  {
    "Id": 33,
    "Name": "Sparks James",
    "Company": "BUZZWORKS",
    "Email": "sparksjames@buzzworks.com",
    "PhoneNumber": "+1 (803) 486-3564",
    "Birthdays": "Thu Sep 01 2005 08:50:48 GMT-0500 (Central Daylight Time (Mexico))"
  },
  {
    "Id": 34,
    "Name": "Bernice Hubbard",
    "Company": "SOLGAN",
    "Email": "bernicehubbard@solgan.com",
    "PhoneNumber": "+1 (909) 411-3141",
    "Birthdays": "Mon Jul 05 1999 18:32:34 GMT-0500 (Central Daylight Time (Mexico))"
  },
  {
    "Id": 35,
    "Name": "Nanette Lindsey",
    "Company": "MEDIOT",
    "Email": "nanettelindsey@mediot.com",
    "PhoneNumber": "+1 (833) 446-3384",
    "Birthdays": "Tue Mar 20 1973 20:43:20 GMT-0600 (Central Standard Time (Mexico))"
  },
  {
    "Id": 36,
    "Name": "Aguirre Perez",
    "Company": "SPEEDBOLT",
    "Email": "aguirreperez@speedbolt.com",
    "PhoneNumber": "+1 (940) 544-2660",
    "Birthdays": "Thu Nov 30 2000 05:24:37 GMT-0600 (Central Standard Time (Mexico))"
  },
  {
    "Id": 37,
    "Name": "Mathews Cross",
    "Company": "SUPREMIA",
    "Email": "mathewscross@supremia.com",
    "PhoneNumber": "+1 (927) 525-2776",
    "Birthdays": "Sat Oct 01 1994 16:39:37 GMT-0500 (Central Daylight Time (Mexico))"
  },
  {
    "Id": 38,
    "Name": "Melinda Blevins",
    "Company": "ARCHITAX",
    "Email": "melindablevins@architax.com",
    "PhoneNumber": "+1 (918) 434-2968",
    "Birthdays": "Thu Feb 22 1979 14:41:08 GMT-0600 (Central Standard Time (Mexico))"
  },
  {
    "Id": 39,
    "Name": "Cara Dalton",
    "Company": "ISONUS",
    "Email": "caradalton@isonus.com",
    "PhoneNumber": "+1 (967) 547-3593",
    "Birthdays": "Tue Oct 28 1975 05:09:40 GMT-0600 (Central Standard Time (Mexico))"
  },
  {
    "Id": 40,
    "Name": "Francis Woodard",
    "Company": "IMMUNICS",
    "Email": "franciswoodard@immunics.com",
    "PhoneNumber": "+1 (860) 449-2575",
    "Birthdays": "Sat Feb 21 1970 15:10:15 GMT-0600 (Central Standard Time (Mexico))"
  },
  {
    "Id": 41,
    "Name": "Marina Mcconnell",
    "Company": "POLARIA",
    "Email": "marinamcconnell@polaria.com",
    "PhoneNumber": "+1 (858) 555-2746",
    "Birthdays": "Fri Jan 06 2012 07:49:20 GMT-0600 (Central Standard Time (Mexico))"
  },
  {
    "Id": 42,
    "Name": "Booker Mann",
    "Company": "MAZUDA",
    "Email": "bookermann@mazuda.com",
    "PhoneNumber": "+1 (847) 507-3541",
    "Birthdays": "Sun May 01 2005 03:35:58 GMT-0500 (Central Daylight Time (Mexico))"
  },
  {
    "Id": 43,
    "Name": "Elena Watkins",
    "Company": "NETERIA",
    "Email": "elenawatkins@neteria.com",
    "PhoneNumber": "+1 (937) 566-2217",
    "Birthdays": "Thu Mar 09 1978 04:43:08 GMT-0600 (Central Standard Time (Mexico))"
  },
  {
    "Id": 44,
    "Name": "Louise Haney",
    "Company": "FUTURITY",
    "Email": "louisehaney@futurity.com",
    "PhoneNumber": "+1 (854) 571-3594",
    "Birthdays": "Fri Jun 28 1985 04:38:19 GMT-0500 (Central Daylight Time (Mexico))"
  },
  {
    "Id": 45,
    "Name": "Ortega Bonner",
    "Company": "COMSTRUCT",
    "Email": "ortegabonner@comstruct.com",
    "PhoneNumber": "+1 (890) 550-3554",
    "Birthdays": "Sat Sep 11 1971 05:31:18 GMT-0500 (Central Daylight Time (Mexico))"
  },
  {
    "Id": 46,
    "Name": "Bertie Albert",
    "Company": "EPLOSION",
    "Email": "bertiealbert@eplosion.com",
    "PhoneNumber": "+1 (886) 526-2678",
    "Birthdays": "Thu May 14 1981 10:51:03 GMT-0500 (Central Daylight Time (Mexico))"
  },
  {
    "Id": 47,
    "Name": "Ochoa England",
    "Company": "AQUAFIRE",
    "Email": "ochoaengland@aquafire.com",
    "PhoneNumber": "+1 (938) 549-3412",
    "Birthdays": "Sat Dec 02 1978 11:14:28 GMT-0600 (Central Standard Time (Mexico))"
  },
  {
    "Id": 48,
    "Name": "Luella Giles",
    "Company": "SYNTAC",
    "Email": "luellagiles@syntac.com",
    "PhoneNumber": "+1 (812) 577-2469",
    "Birthdays": "Sat Mar 29 1997 08:13:18 GMT-0600 (Central Standard Time (Mexico))"
  },
  {
    "Id": 49,
    "Name": "Sallie Lyons",
    "Company": "ROOFORIA",
    "Email": "sallielyons@rooforia.com",
    "PhoneNumber": "+1 (821) 488-2584",
    "Birthdays": "Sun Nov 24 1996 07:18:38 GMT-0600 (Central Standard Time (Mexico))"
  },
  {
    "Id": 50,
    "Name": "Atkinson Frazier",
    "Company": "SYNKGEN",
    "Email": "atkinsonfrazier@synkgen.com",
    "PhoneNumber": "+1 (911) 485-3551",
    "Birthdays": "Thu May 05 1977 00:44:27 GMT-0500 (Central Daylight Time (Mexico))"
  },
  {
    "Id": 51,
    "Name": "Beth Downs",
    "Company": "DIGIPRINT",
    "Email": "bethdowns@digiprint.com",
    "PhoneNumber": "+1 (993) 528-3156",
    "Birthdays": "Thu Mar 11 1999 16:45:25 GMT-0600 (Central Standard Time (Mexico))"
  },
  {
    "Id": 52,
    "Name": "Meyers Douglas",
    "Company": "PYRAMIS",
    "Email": "meyersdouglas@pyramis.com",
    "PhoneNumber": "+1 (933) 581-3601",
    "Birthdays": "Tue Jul 08 2014 02:12:20 GMT-0500 (Central Daylight Time (Mexico))"
  },
  {
    "Id": 53,
    "Name": "Effie Shields",
    "Company": "QIMONK",
    "Email": "effieshields@qimonk.com",
    "PhoneNumber": "+1 (803) 499-3971",
    "Birthdays": "Thu Oct 31 2002 18:51:16 GMT-0600 (Central Standard Time (Mexico))"
  },
  {
    "Id": 54,
    "Name": "Tonia Shepherd",
    "Company": "BRISTO",
    "Email": "toniashepherd@bristo.com",
    "PhoneNumber": "+1 (976) 545-2569",
    "Birthdays": "Sat Jan 25 1975 18:28:39 GMT-0600 (Central Standard Time (Mexico))"
  },
  {
    "Id": 55,
    "Name": "Suzanne Pickett",
    "Company": "MAINELAND",
    "Email": "suzannepickett@maineland.com",
    "PhoneNumber": "+1 (971) 407-3257",
    "Birthdays": "Thu Jul 12 2012 14:24:59 GMT-0500 (Central Daylight Time (Mexico))"
  },
  {
    "Id": 56,
    "Name": "Vance Walls",
    "Company": "ATOMICA",
    "Email": "vancewalls@atomica.com",
    "PhoneNumber": "+1 (878) 480-2230",
    "Birthdays": "Mon Nov 29 1999 08:14:25 GMT-0600 (Central Standard Time (Mexico))"
  },
  {
    "Id": 57,
    "Name": "Rene Melton",
    "Company": "BLURRYBUS",
    "Email": "renemelton@blurrybus.com",
    "PhoneNumber": "+1 (877) 517-3668",
    "Birthdays": "Thu Apr 02 1981 07:29:58 GMT-0600 (Central Standard Time (Mexico))"
  },
  {
    "Id": 58,
    "Name": "Colleen Dale",
    "Company": "ETERNIS",
    "Email": "colleendale@eternis.com",
    "PhoneNumber": "+1 (938) 501-2272",
    "Birthdays": "Thu Sep 09 1976 20:12:45 GMT-0500 (Central Daylight Time (Mexico))"
  },
  {
    "Id": 59,
    "Name": "Erika Mccray",
    "Company": "VIRVA",
    "Email": "erikamccray@virva.com",
    "PhoneNumber": "+1 (916) 495-3863",
    "Birthdays": "Fri Oct 26 1990 08:03:35 GMT-0500 (Central Daylight Time (Mexico))"
  },
  {
    "Id": 60,
    "Name": "Marci Alvarez",
    "Company": "APEXIA",
    "Email": "marcialvarez@apexia.com",
    "PhoneNumber": "+1 (961) 480-2205",
    "Birthdays": "Fri Nov 02 1979 19:07:53 GMT-0600 (Central Standard Time (Mexico))"
  },
  {
    "Id": 61,
    "Name": "Villarreal Garza",
    "Company": "AUTOGRATE",
    "Email": "villarrealgarza@autograte.com",
    "PhoneNumber": "+1 (982) 407-2590",
    "Birthdays": "Thu Sep 19 1991 02:04:10 GMT-0500 (Central Daylight Time (Mexico))"
  },
  {
    "Id": 62,
    "Name": "Johns Vinson",
    "Company": "ECRATER",
    "Email": "johnsvinson@ecrater.com",
    "PhoneNumber": "+1 (803) 415-3162",
    "Birthdays": "Tue Mar 30 1993 08:44:40 GMT-0600 (Central Standard Time (Mexico))"
  },
  {
    "Id": 63,
    "Name": "Annabelle Finch",
    "Company": "KANGLE",
    "Email": "annabellefinch@kangle.com",
    "PhoneNumber": "+1 (859) 444-2149",
    "Birthdays": "Tue Sep 30 2008 12:26:58 GMT-0500 (Central Daylight Time (Mexico))"
  },
  {
    "Id": 64,
    "Name": "Mcmillan Pierce",
    "Company": "CINCYR",
    "Email": "mcmillanpierce@cincyr.com",
    "PhoneNumber": "+1 (802) 406-3591",
    "Birthdays": "Sat Dec 18 1976 12:14:21 GMT-0600 (Central Standard Time (Mexico))"
  },
  {
    "Id": 65,
    "Name": "Reyes Hutchinson",
    "Company": "STELAECOR",
    "Email": "reyeshutchinson@stelaecor.com",
    "PhoneNumber": "+1 (948) 565-3342",
    "Birthdays": "Wed Dec 11 2002 21:29:32 GMT-0600 (Central Standard Time (Mexico))"
  }
]